Cruise,date,Location,Transect,Station.,Net.no,moc.1.volume.m3,moc.4.volume.m3,time.start.GMT,time.end.GMT,notes
W18,180217,NH,MaN,1,0,287.2338103,1148.935241,5:54:44,6:02:35,
W18,180217,NH,MaN,1,3,257.9414591,1031.765836,6:02:36,6:09:27,
W18,180217,NH,MaN,1,4,194.6633459,778.6533838,6:09:28,6:14:29,
W18,180217,NH,MaN,3,0,445.4586781,1781.834712,10:21:00,10:29:37,
W18,180217,NH,MaN,3,1,227.6316446,910.5265778,10:29:38,10:34:23,
W18,180217,NH,MaN,3,2,101.1329662,404.5318652,10:34:24,10:36:34,
W18,180217,NH,MaN,3,3,276.0563282,1104.225313,10:36:35,10:42:35,
W18,180217,NH,MaN,3,4,202.4492587,809.7970347,10:42:35,10:46:58,
W18,180217,NH,MaN,5,0,1742.098575,6968.394301,14:07:22,14:36:02,oblique
W18,180217,NH,MaD,5,0,1655.305366,6621.221464,18:09:16,18:35:49,oblique
W18,180217,NH,MaD,3,0,1510.385274,6041.541098,22:58:18,23:32:17,oblique
W18,180218,NH,MaD,1,0,401.5147378,1606.058952,4:16:41,4:24:47,
W18,180218,NH,MaD,1,3,158.1500506,632.6002021,4:24:48,4:28:32,
W18,180218,NH,MaD,1,4,224.8192866,899.2771458,4:28:33,4:34:21,
W18,180220,TR,MaN,1,0,407.2933455,1629.173382,3:52:49,4:00:29,
W18,180220,TR,MaN,1,3,224.1238536,896.4954141,4:00:30,4:05:16,
W18,180220,TR,MaN,1,4,240.7245405,962.8981626,4:05:17,4:10:47,
W18,180220,TR,MaN,3,0,683.8605829,2735.44233,6:04:12,6:18:39,
W18,180220,TR,MaN,3,1,218.2400481,872.9601921,6:18:40,6:23:02,
W18,180220,TR,MaN,3,2,192.0032441,768.0129767,6:23:03,6:26:50,
W18,180220,TR,MaN,3,3,213.4104542,853.641817,6:26:51,6:31:20,
W18,180220,TR,MaN,3,4,300.4706487,1201.882595,6:31:21,6:37:48,
W18,180220,TR,MaN,5,0,781.2012512,3124.805005,9:54:22,10:10:28,
W18,180220,TR,MaN,5,1,186.5640608,746.2562432,10:10:29,10:14:23,
W18,180220,TR,MaN,5,2,253.1083233,1012.433294,10:14:24,10:19:58,
W18,180220,TR,MaN,5,3,306.880162,1227.520648,10:19:59,10:26:29,
W18,180220,TR,MaN,5,4,277.3736121,1109.494449,10:26:30,10:32:05,
W18,180220,TR,MaD,5,0,1506.88898,6027.555921,15:18:18,15:46:35,oblique
W18,180220,TR,MaD,3,0,2217.811776,8871.247105,18:46:23,19:18:01,oblique
W18,180220,TR,MaD,2,0,997.079844,3988.319373,20:53:51,21:20:31,oblique
W18,180220,TR,MaD,1,0,660.715095,2642.86038,22:25:09,22:41:26,oblique
W18,180223,NH,MbD,5,0,1237.005845,4948.023383,16:03:55,16:33:00,oblique
W18,180223,NH,MbD,3,0,1360.108342,5440.433368,19:34:46,20:03:33,oblique
W18,180223,NH,MbD,2,0,834.0503084,3336.201235,21:51:59,22:06:24,oblique
W18,180223,NH,MbD,1,0,300.545064,1202.180256,23:26:55,23:32:25,
W18,180223,NH,MbD,1,3,230.5166061,922.0664244,23:32:26,23:36:14,
W18,180223,NH,MbD,1,4,237.4752389,949.9009553,23:36:15,23:40:14,
S18,180706,TR,MaD,1,0,206.0929189,824.371676,15:58:28,16:03:40,
S18,180706,TR,MaD,1,3,183.1766872,732.7067491,16:03:41,16:08:14,
S18,180706,TR,MaD,1,4,271.5502187,1086.200874,16:08:15,16:15:00,
S18,180706,TR,MaD,2,0,460.5449743,1842.179897,17:18:30,17:30:48,
S18,180706,TR,MaD,2,1,200.6266959,802.5067838,17:30:49,17:35:40,
S18,180706,TR,MaD,2,2,206.7413383,826.9653527,17:35:41,17:40:46,
S18,180706,TR,MaD,2,3,265.4482751,1061.793101,17:40:47,17:46:59,
S18,180706,TR,MaD,2,4,209.5712256,838.2849025,17:47:00,17:51:57,
S18,180706,TR,MaD,3,0,249.8917251,999.566901,19:18:38,19:26:09,
S18,180706,TR,MaD,3,1,292.7855305,1171.142122,19:26:10,19:33:52,
S18,180706,TR,MaD,3,2,238.8731843,955.4927376,19:33:53,19:39:44,
S18,180706,TR,MaD,3,3,218.5419829,874.1679316,19:39:45,19:45:07,
S18,180706,TR,MaD,3,4,207.8641591,831.4566366,19:45:08,19:50:13,
S18,180706,TR,MaD,4,0,482.7374538,1930.949815,21:09:45,21:22:39,
S18,180706,TR,MaD,4,1,151.9694931,607.8779722,21:16:00,21:19:08,
S18,180706,TR,MaD,4,2,158.5923461,634.3693845,21:19:09,21:22:37,
S18,180706,TR,MaD,4,3,151.7923419,607.1693679,21:22:40,21:26:14,
S18,180706,TR,MaD,4,4,221.1327389,884.5309558,21:26:15,21:32:17,
S18,180706,TR,MaD,5,0,300.8455166,1203.382066,23:02:19,23:10:38,
S18,180706,TR,MaD,5,1,281.2691616,1125.076646,23:10:39,23:17:38,
S18,180706,TR,MaD,5,2,136.3652503,545.4610009,23:17:39,23:20:55,
S18,180706,TR,MaD,5,3,165.7874239,663.1496951,23:20:56,23:25:04,
S18,180706,TR,MaD,5,4,221.4086435,885.6345736,23:25:05,23:30:10,
S18,180707,TR,MaN,5,0,329.5351292,1318.140517,9:37:00,9:45:32,
S18,180707,TR,MaN,5,1,214.089573,856.3582918,9:45:33,9:50:14,
S18,180707,TR,MaN,5,2,205.3732903,821.4931609,9:50:15,9:54:38,
S18,180707,TR,MaN,5,3,171.2635015,685.0540062,9:54:39,9:58:16,
S18,180707,TR,MaN,5,4,164.6741016,658.6964065,9:58:17,10:02:06,
S18,180707,TR,MaN,3,0,360.4762091,1441.904836,12:01:49,12:11:27,
S18,180707,TR,MaN,3,1,211.4130584,845.6522337,12:11:28,12:16:40,
S18,180707,TR,MaN,3,2,184.7762987,739.1051949,12:16:41,12:21:02,
S18,180707,TR,MaN,3,3,187.130594,748.5223762,12:21:03,12:25:32,
S18,180707,TR,MaN,3,4,185.3359997,741.343999,12:25:33,12:29:57,
S18,180707,TR,MbD,1,0,236.0954998,944.3819986,14:06:55,14:13:14,
S18,180707,TR,MbD,1,3,244.3959888,977.5839553,14:13:15,14:19:47,
S18,180707,TR,MbD,1,4,124.4192522,497.6770085,14:19:48,14:23:13,
S18,180707,TR,MbD,2,0,289.7621796,1159.048718,15:30:05,15:38:22,
S18,180707,TR,MbD,2,1,343.0039979,1372.015991,15:38:23,15:46:00,
S18,180707,TR,MbD,2,2,136.9240952,547.6963808,15:46:01,15:48:49,
S18,180707,TR,MbD,2,3,125.6770402,502.7081609,15:48:50,15:51:36,
S18,180707,TR,MbD,2,4,170.6493402,682.5973609,15:51:37,15:55:38,
S18,180707,TR,MbD,3,0,432.4184703,1729.673881,17:13:34,17:24:52,
S18,180707,TR,MbD,3,1,262.0032275,1048.012909,17:24:53,17:32:08,
S18,180707,TR,MbD,3,2,171.2354869,684.9419472,17:32:09,17:36:27,
S18,180707,TR,MbD,3,3,147.1594464,588.6377853,17:36:28,17:40:17,
S18,180707,TR,MbD,3,4,161.9018221,647.6072884,17:40:18,17:44:28,
S18,180707,TR,MbD,4,0,405.919314,1623.677257,19:09:46,19:20:14,
S18,180707,TR,MbD,4,1,72.81053014,291.2421205,19:20:15,19:22:25,
S18,180707,TR,MbD,4,2,183.2645363,733.0581452,19:22:26,19:28:00,
S18,180707,TR,MbD,4,3,315.514225,1262.056899,19:28:01,19:36:39,
S18,180707,TR,MbD,4,4,232.4244585,929.6978343,19:36:40,19:42:45,
S18,180707,TR,MbD,5,0,258.8500457,1035.400183,21:05:23,21:13:14,
S18,180707,TR,MbD,5,1,180.7428583,722.9714332,21:13:15,21:17:05,
S18,180707,TR,MbD,5,2,128.5651717,514.2606865,21:17:06,21:19:55,
S18,180707,TR,MbD,5,3,129.5507381,518.2029521,21:19:56,21:23:08,
S18,180707,TR,MbD,5,4,166.5311878,666.1247514,21:23:09,21:28:00,
S18,180708,TR,MbN,3,0,468.6828735,1874.731493,9:00:51,9:12:11,
S18,180708,TR,MbN,3,1,182.9736251,731.8945003,9:12:12,9:16:22,
S18,180708,TR,MbN,3,2,177.5201637,710.0806548,9:16:23,9:20:32,
S18,180708,TR,MbN,3,3,175.9299104,703.7196417,9:20:33,9:24:43,
S18,180708,TR,MbN,3,4,168.8334567,675.3338272,9:24:44,9:28:59,
S18,180708,TR,MbN,1,0,282.8982477,1131.592991,10:21:30,10:28:05,
S18,180708,TR,MbN,1,3,237.1609103,948.6436415,10:28:06,10:34:30,
S18,180708,TR,MbN,1,4,203.7510546,815.0042187,10:34:31,10:39:34,
S18,180709,NH,MaD,1,0,176.0638522,704.2554089,14:57:58,15:02:19,
S18,180709,NH,MaD,1,3,162.2089546,648.8358181,15:02:20,15:05:55,
S18,180709,NH,MaD,1,4,138.8565063,555.426025,15:05:56,15:09:29,
S18,180709,NH,MaD,2,0,240.8439383,963.3757532,16:16:03,16:22:25,
S18,180709,NH,MaD,2,2,172.3435117,689.3740468,16:22:26,16:26:03,
S18,180709,NH,MaD,2,3,166.0406641,664.1626562,16:26:04,16:29:38,
S18,180709,NH,MaD,2,4,205.1157891,820.4631561,16:29:39,16:34:39,
S18,180709,NH,MaD,3,0,327.7567773,1311.027109,18:46:45,18:54:56,
S18,180709,NH,MaD,3,1,275.5187154,1102.074862,18:54:57,19:01:08,
S18,180709,NH,MaD,3,2,180.2143913,720.8575653,19:01:09,19:05:01,
S18,180709,NH,MaD,3,3,222.4677064,889.8708259,19:05:02,19:10:15,
S18,180709,NH,MaD,3,4,194.74127,778.9650801,19:10:16,19:15:07,
S18,180709,NH,MaD,4,0,264.3972455,1057.588982,20:47:50,20:54:53,
S18,180709,NH,MaD,4,1,250.6199162,1002.479665,20:54:54,20:59:33,
S18,180709,NH,MaD,4,2,134.7778737,539.1114951,20:59:34,21:02:06,
S18,180709,NH,MaD,4,3,156.9756252,627.9025011,21:02:07,21:05:22,
S18,180709,NH,MaD,4,4,166.834693,667.3387723,21:05:23,21:09:11,
S18,180709,NH,MaD,5,0,386.0747732,1544.299092,22:54:38,23:05:03,
S18,180709,NH,MaD,5,1,168.5642875,674.25715,23:05:04,23:09:35,
S18,180709,NH,MaD,5,2,184.8072438,739.2289752,23:09:36,23:14:42,
S18,180709,NH,MaD,5,3,229.2810522,917.1242088,23:14:43,23:20:52,
S18,180709,NH,MaD,5,4,187.6838411,750.7353642,23:20:54,23:25:32,
S18,180710,NH,MaN,5,0,346.041437,1384.165748,5:08:11,5:18:25,
S18,180710,NH,MaN,5,1,328.1026585,1312.410634,5:18:26,5:26:20,
S18,180710,NH,MaN,5,2,80.20687723,320.8275089,5:26:21,5:28:10,
S18,180710,NH,MaN,5,3,153.2745649,613.0982596,5:28:11,5:31:48,
S18,180710,NH,MaN,5,4,139.0007562,556.003025,5:31:49,5:35:17,
S18,180710,NH,MaN,3,0,864.445866,3457.783463,8:01:36,8:27:44,
S18,180710,NH,MaN,3,1,258.60919,1034.43676,8:13:19,8:19:58,
S18,180710,NH,MaN,3,2,142.0279421,568.111768,8:19:59,8:23:29,
S18,180710,NH,MaN,3,3,166.4012416,665.6049668,8:23:30,8:27:43,
S18,180710,NH,MaN,3,4,173.2744732,693.0978927,8:27:45,8:32:18,
S18,180710,NH,MaN,1,0,178.9549578,715.8198311,10:33:03,10:37:26,
S18,180710,NH,MaN,1,3,221.1798933,884.7195735,10:37:27,10:42:01,
S18,180710,NH,MaN,1,4,172.6501602,690.6006408,10:42:02,10:45:56,
S18,180711,NH,MbD,1,0,506.8341246,2027.336499,14:41:05,14:55:24,
S18,180711,NH,MbD,1,3,183.0875285,732.3501144,14:55:25,15:02:21,
S18,180711,NH,MbD,1,4,139.1674088,556.6696355,15:02:22,15:07:49,
S18,180711,NH,MbD,2,0,238.6104303,954.4417208,17:00:52,17:08:56,
S18,180711,NH,MbD,2,2,187.3482105,749.3928413,17:08:57,17:15:33,
S18,180711,NH,MbD,2,3,162.2936806,649.1747222,17:15:34,17:21:45,
S18,180711,NH,MbD,2,4,156.7364328,626.9457311,17:21:46,17:27:41,
S18,180711,NH,MbD,3,0,429.3421252,1717.368501,19:59:43,20:10:56,
S18,180711,NH,MbD,3,1,182.1331461,728.5325847,20:10:57,20:16:19,
S18,180711,NH,MbD,3,2,232.151353,928.6054124,20:16:20,20:23:16,
S18,180711,NH,MbD,3,3,373.2411468,1492.964588,20:23:17,20:33:52,
S18,180711,NH,MbD,3,4,225.6469002,902.5876003,20:33:53,20:40:19,
S18,180711,NH,MbD,4,0,583.615151,2334.460603,22:59:28,23:15:01,
S18,180711,NH,MbD,4,1,162.4003362,649.6013445,23:09:27,23:14:03,
S18,180711,NH,MbD,4,2,242.8444039,971.3776161,23:14:04,23:21:16,
S18,180711,NH,MbD,4,3,228.1683925,912.6735702,23:21:17,23:27:45,
S18,180711,NH,MbD,4,4,127.4459344,509.7837374,23:27:45,23:31:40,
W19,190305,NH,MaN,1,0,190.6968282,762.7873126,4:19:53,4:24:08,
W19,190305,NH,MaN,1,3,137.65407,550.61628,4:24:09,4:27:18,
W19,190305,NH,MaN,1,4,178.9598253,715.8393013,4:27:19,4:31:31,
W19,190305,NH,MaN,2,0,298.3416024,1193.36641,6:09:36,6:16:38,
W19,190305,NH,MaN,2,2,216.1992766,864.797106,6:16:39,6:20:46,
W19,190305,NH,MaN,2,3,147.5640252,590.2561008,6:20:47,6:23:53,
W19,190305,NH,MaN,2,4,187.1955889,748.7823559,6:23:54,6:28:19,
W19,190305,NH,MaN,3,0,299.2996454,1197.198581,8:17:44,8:24:41,
W19,190305,NH,MaN,3,1,122.3497658,489.3990632,8:24:42,8:27:11,
W19,190305,NH,MaN,3,2,146.1976799,584.7907194,8:27:12,8:30:45,
W19,190305,NH,MaN,3,3,249.511414,998.0456558,8:30:46,8:37:04,
W19,190305,NH,MaN,3,4,238.7076277,954.8305111,8:37:05,8:43:29,
W19,190305,NH,MaN,4,0,420.3095629,1681.238251,10:34:05,10:44:28,
W19,190305,NH,MaN,4,1,169.9038155,679.6152624,10:44:29,10:49:12,
W19,190305,NH,MaN,4,2,120.0932763,480.3731047,10:49:13,10:53:05,
W19,190305,NH,MaN,4,3,210.1788651,840.7154597,10:53:06,11:00:44,
W19,190305,NH,MaN,4,4,183.5715984,734.2863943,11:00:45,11:07:26,
W19,190305,NH,MaN,5,0,340.6119211,1362.447684,12:46:51,12:54:37,
W19,190305,NH,MaN,5,1,225.1100373,900.4401491,12:54:38,12:59:06,
W19,190305,NH,MaN,5,2,286.9125681,1147.650273,12:59:07,13:04:39,
W19,190305,NH,MaN,5,3,119.2833189,477.1332758,13:04:40,13:07:12,
W19,190305,NH,MaN,5,4,317.263013,1269.052052,13:07:13,13:15:29,
W19,190305,NH,MaD,5,0,318.1882772,1272.753109,16:14:58,16:22:31,
W19,190305,NH,MaD,5,1,303.7594872,1215.037949,16:22:32,16:29:11,
W19,190305,NH,MaD,5,2,263.5473002,1054.189201,16:29:12,16:35:00,
W19,190305,NH,MaD,5,3,282.00714,1128.02856,16:35:01,16:41:01,
W19,190305,NH,MaD,5,4,254.9256285,1019.702514,16:41:02,16:46:34,
W19,190305,NH,MaD,4,0,273.0072016,1092.028806,18:15:37,18:22:35,
W19,190305,NH,MaD,4,1,246.0268423,984.1073696,18:22:36,18:27:35,
W19,190305,NH,MaD,4,2,229.0763611,916.3054448,18:27:36,18:32:10,
W19,190305,NH,MaD,4,3,235.0988039,940.3952155,18:32:11,18:37:06,
W19,190305,NH,MaD,4,4,271.5860599,1086.34424,18:37:07,18:43:01,
W19,190305,NH,MaD,3,0,275.7438501,1102.9754,20:38:45,20:45:48,
W19,190305,NH,MaD,3,1,316.0606504,1264.242601,20:45:49,20:51:51,
W19,190305,NH,MaD,3,2,225.1632094,900.6528377,20:51:52,20:56:00,
W19,190305,NH,MaD,3,3,289.5499443,1158.199777,20:56:01,21:01:36,
W19,190305,NH,MaD,3,4,256.1050703,1024.420281,21:01:37,21:06:55,
W19,190305,NH,MaD,2,0,278.5717709,1114.287083,22:44:49,22:51:56,
W19,190305,NH,MaD,2,2,234.0425528,936.1702113,22:51:57,22:57:27,
W19,190305,NH,MaD,2,3,277.8638328,1111.455331,22:57:28,23:04:06,
W19,190305,NH,MaD,2,4,258.2530334,1033.012133,23:04:07,23:10:20,
W19,190306,NH,MaD,1,0,214.1206819,856.4827274,0:26:29,0:31:22,
W19,190306,NH,MaD,1,3,237.2545441,949.0181768,0:31:23,0:36:21,
W19,190306,NH,MaD,1,4,284.2507163,1137.002865,0:36:22,0:42:27,
W19,190307,NH,MbN,1,0,365.5256556,1462.102622,3:31:26,3:39:51,
W19,190307,NH,MbN,1,3,249.4346614,997.7386462,3:39:52,3:45:43,
W19,190307,NH,MbN,1,4,258.6745426,1034.69817,3:45:44,3:52:02,
W19,190307,NH,MbN,2,0,251.0407333,1004.162934,5:17:17,5:23:25,
W19,190307,NH,MbN,2,2,360.5006807,1442.002723,5:23:26,5:30:29,
W19,190307,NH,MbN,2,3,245.0898484,980.3593935,5:30:30,5:35:07,
W19,190307,NH,MbN,2,4,218.5822732,874.3290923,5:35:08,5:39:54,
W19,190307,NH,MbN,3,0,314.2138718,1256.855487,7:29:28,7:37:02,
W19,190307,NH,MbN,3,1,265.7135623,1062.854249,7:37:03,7:42:44,
W19,190307,NH,MbN,3,2,345.1924258,1380.769703,7:42:45,7:49:16,
W19,190307,NH,MbN,3,3,275.2878195,1101.151278,7:49:17,7:54:17,
W19,190307,NH,MbN,3,4,260.6739492,1042.695797,7:54:18,7:58:58,
W19,190307,NH,MbN,4,0,262.7192522,1050.877008,9:44:42,9:50:44,
W19,190307,NH,MbN,4,1,282.9758549,1131.90342,9:50:45,9:55:48,
W19,190307,NH,MbN,4,2,271.1462483,1084.584993,9:55:49,10:00:22,
W19,190307,NH,MbN,4,3,208.9899595,835.9598384,10:00:23,10:04:15,
W19,190307,NH,MbN,4,4,238.6152141,954.4608565,10:04:16,10:08:58,
W19,190307,NH,MbN,5,0,324.260494,1297.041976,11:54:19,12:02:37,
W19,190307,NH,MbN,5,1,367.3203915,1469.281565,12:02:38,12:10:39,
W19,190307,NH,MbN,5,2,136.1005902,544.4023609,12:10:40,12:13:35,
W19,190307,NH,MbN,5,3,282.381267,1129.525068,12:13:36,12:19:50,
W19,190307,NH,MbN,5,4,247.490917,989.9636684,12:19:51,12:25:22,
W19,190307,NH,MbD,5,0,351.5956688,1406.382675,16:00:56,16:10:11,
W19,190307,NH,MbD,5,1,222.3810054,889.5240214,16:10:12,16:15:39,
W19,190307,NH,MbD,5,2,185.8252723,743.3010896,16:15:40,16:20:11,
W19,190307,NH,MbD,5,3,223.2679397,893.071759,16:20:12,16:25:17,
W19,190307,NH,MbD,5,4,187.4005993,749.6023973,16:25:18,16:29:35,
W19,190307,NH,MbD,4,0,322.2161197,1288.86448,17:59:33,18:07:59,
W19,190307,NH,MbD,4,1,231.08834,924.3533596,18:08:00,18:13:11,
W19,190307,NH,MbD,4,2,199.8860031,799.5440125,18:13:12,18:17:37,
W19,190307,NH,MbD,4,3,195.0226227,780.0904909,18:17:38,18:22:14,
W19,190307,NH,MbD,4,4,237.9325229,951.7300912,18:22:15,18:27:58,
W19,190307,NH,MbD,3,0,258.1215965,1032.486386,20:15:07,20:21:43,
W19,190307,NH,MbD,3,1,250.884933,1003.539732,20:21:44,20:26:28,
W19,190307,NH,MbD,3,2,168.1038332,672.4153325,20:26:29,20:29:34,
W19,190307,NH,MbD,3,3,187.7362982,750.9451925,20:29:35,20:33:17,
W19,190307,NH,MbD,3,4,166.6123898,666.4495586,20:33:18,20:37:14,
W19,190307,NH,MbD,2,0,275.6202723,1102.481089,22:19:31,22:25:39,
W19,190307,NH,MbD,2,2,162.4198821,649.6795284,22:25:40,22:28:44,
W19,190307,NH,MbD,2,3,153.2106537,612.8426151,22:28:45,22:32:05,
W19,190307,NH,MbD,2,4,245.7021401,982.8085607,22:32:06,22:38:06,
W19,190307,NH,MbD,1,0,124.4557461,497.8229846,23:56:46,23:59:59,
W19,190308,NH,MbD,1,3,269.605577,1078.422308,0:03:28,0:09:46,
W19,190308,NH,MbD,1,4,220.2607497,881.0429988,0:09:47,0:15:22,
W19,190309,TR,MaD,1,0,200.7056956,802.8227829,16:10:31,16:15:17,
W19,190309,TR,MaD,1,3,315.5696804,1262.278722,16:15:18,16:21:02,
W19,190309,TR,MaD,1,4,233.3841397,933.5365592,16:21:03,16:25:28,
W19,190309,TR,MaD,2,0,360.0592751,1440.2371,17:24:25,17:33:22,
W19,190309,TR,MaD,2,1,293.8063102,1175.225241,17:33:23,17:39:10,
W19,190309,TR,MaD,2,2,236.7438662,946.9754654,17:39:11,17:43:48,
W19,190309,TR,MaD,2,3,308.8399116,1235.359647,17:43:49,17:49:55,
W19,190309,TR,MaD,2,4,321.3606898,1285.442759,17:49:56,17:56:30,
W19,190309,TR,MaD,3,0,241.1041597,964.4166388,19:21:15,19:27:41,
W19,190309,TR,MaD,3,1,289.3543552,1157.417421,19:27:42,19:32:51,
W19,190309,TR,MaD,3,2,225.9839816,903.9359261,19:32:52,19:36:50,
W19,190309,TR,MaD,3,3,374.2537788,1497.015115,19:36:51,19:43:38,
W19,190309,TR,MaD,3,4,283.2548742,1133.019497,19:43:39,19:48:52,
W19,190309,TR,MaD,4,0,273.2725749,1093.0903,21:32:06,21:38:53,
W19,190309,TR,MaD,4,1,193.7764964,775.1059858,21:38:54,21:42:32,
W19,190309,TR,MaD,4,2,333.7771648,1335.108659,21:42:33,21:49:05,
W19,190309,TR,MaD,4,3,183.5063118,734.0252469,21:49:06,21:52:31,
W19,190309,TR,MaD,4,4,216.6869134,866.7476533,21:52:32,21:57:21,
W19,190310,TR,MaD,5,0,290.833411,1163.333644,0:02:16,0:09:14,
W19,190310,TR,MaD,5,1,261.9662662,1047.865065,0:09:15,0:14:04,
W19,190310,TR,MaD,5,2,810.8439644,3243.375858,0:02:18,0:17:47,
W19,190310,TR,MaD,5,3,271.0673038,1084.269215,0:17:48,0:23:18,
W19,190310,TR,MaD,5,4,258.6878693,1034.751478,0:23:19,0:29:01,
W19,190310,TR,MaN,5,0,278.9781349,1115.912539,3:52:55,3:58:45,
W19,190310,TR,MaN,5,1,281.2250089,1124.900035,3:58:46,4:03:14,
W19,190310,TR,MaN,5,2,174.8805783,699.522313,4:03:15,4:06:10,
W19,190310,TR,MaN,5,3,137.382425,549.5297001,4:06:11,4:09:00,
W19,190310,TR,MaN,5,4,190.1440028,760.5760113,4:09:01,4:14:08,
W19,190310,TR,MaN,4,0,332.3686681,1329.474673,5:50:18,5:56:46,
W19,190310,TR,MaN,4,1,144.6434779,578.5739119,5:56:47,5:59:48,
W19,190310,TR,MaN,4,2,268.2346504,1072.938601,5:59:49,6:06:05,
W19,190310,TR,MaN,4,3,339.7334882,1358.933953,6:06:06,6:12:58,
W19,190310,TR,MaN,4,4,178.4044302,713.6177208,6:12:59,6:16:56,
W19,190310,TR,MaN,3,0,326.1499111,1304.599644,7:55:52,8:03:25,
W19,190310,TR,MaN,3,1,208.0167315,832.0669255,8:03:26,8:07:52,
W19,190310,TR,MaN,3,2,242.8977525,971.5910097,8:07:53,8:13:11,
W19,190310,TR,MaN,3,3,226.6313251,906.5253005,8:13:12,8:17:55,
W19,190310,TR,MaN,3,4,196.2772422,785.1089686,8:17:56,8:22:15,
W19,190310,TR,MaN,2,0,338.2825582,1353.130233,10:19:35,10:27:32,
W19,190310,TR,MaN,2,1,251.9908844,1007.963538,10:27:33,10:32:29,
W19,190310,TR,MaN,2,2,137.9600068,551.8400272,10:32:30,10:35:27,
W19,190310,TR,MaN,2,3,298.9779076,1195.91163,10:35:28,10:42:34,
W19,190310,TR,MaN,2,4,300.6415312,1202.566124,10:42:35,10:49:25,
W19,190310,TR,MaN,1,0,257.5698039,1030.279216,11:34:04,11:39:55,
W19,190310,TR,MaN,1,3,264.7919439,1059.167776,11:39:56,11:45:29,
W19,190310,TR,MaN,1,4,255.7934202,1023.173681,11:45:30,11:51:14,
W19,190311,TR,MbD,1,0,242.8026357,971.210543,15:56:41,16:02:21,
W19,190311,TR,MbD,1,3,255.5843968,1022.337588,16:02:22,16:07:55,
W19,190311,TR,MbD,1,4,287.5956612,1150.382645,16:07:56,16:14:08,
W19,190311,TR,MbD,2,0,361.8591749,1447.4367,17:15:44,17:24:14,
W19,190311,TR,MbD,2,1,267.7225846,1070.890338,17:24:15,17:30:09,
W19,190311,TR,MbD,2,2,174.2333049,696.9332194,17:30:10,17:33:50,
W19,190311,TR,MbD,2,3,284.7675517,1139.070207,17:33:51,17:39:55,
W19,190311,TR,MbD,2,4,244.9751444,979.900578,17:39:56,17:45:02,
W19,190311,TR,MbD,3,0,294.1844768,1176.737908,19:02:07,19:10:05,
W19,190311,TR,MbD,3,1,224.5273566,898.1094267,19:10:06,19:14:57,
W19,190311,TR,MbD,3,2,151.3066641,605.2266567,19:14:58,19:18:24,
W19,190311,TR,MbD,3,3,265.795921,1063.183684,19:18:25,19:24:46,
W19,190311,TR,MbD,3,4,318.5608725,1274.24349,19:24:47,19:31:49,
W19,190311,TR,MbD,4,0,310.2024203,1240.809682,21:03:03,21:11:36,
W19,190311,TR,MbD,4,1,225.1645061,900.658024,21:11:37,21:16:37,
W19,190311,TR,MbD,4,2,219.6473686,878.589474,21:16:38,21:21:26,
W19,190311,TR,MbD,4,3,248.428901,993.7156039,21:21:27,21:26:51,
W19,190311,TR,MbD,4,4,258.7286604,1034.914641,21:26:52,21:32:53,
W19,190311,TR,MbD,5,0,269.1137863,1076.455145,23:27:37,23:34:34,
W19,190311,TR,MbD,5,1,324.0805945,1296.322378,23:34:35,23:40:45,
W19,190311,TR,MbD,5,2,230.8715439,923.4861756,23:40:46,23:45:06,
W19,190311,TR,MbD,5,3,206.8573632,827.4294531,23:45:07,23:49:00,
W19,190311,TR,MbD,5,4,188.8170512,755.2682046,23:49:01,23:53:02,
W19,190312,TR,MbN,5,0,306.4278799,1225.71152,3:28:57,3:36:43,
W19,190312,TR,MbN,5,1,325.8543298,1303.417319,3:36:44,3:43:40,
W19,190312,TR,MbN,5,2,241.4273438,965.7093753,3:43:41,3:48:45,
W19,190312,TR,MbN,5,3,264.646688,1058.586752,3:48:46,3:54:28,
W19,190312,TR,MbN,5,4,271.3593208,1085.437284,3:54:29,4:00:08,
W19,190312,TR,MbN,4,0,335.2363323,1340.945329,5:24:59,5:33:35,
W19,190312,TR,MbN,4,1,245.080885,980.3235402,5:33:36,5:39:29,
W19,190312,TR,MbN,4,2,246.2736094,985.0944375,5:39:30,5:45:19,
W19,190312,TR,MbN,4,3,217.9180871,871.6723489,5:45:20,5:50:20,
W19,190312,TR,MbN,4,4,219.0838701,876.3354802,5:50:21,5:55:36,
W19,190312,TR,MbN,3,0,371.6207173,1486.48287,7:12:37,7:22:00,
W19,190312,TR,MbN,3,1,262.3095459,1049.238183,7:22:01,7:28:32,
W19,190312,TR,MbN,3,2,170.4846363,681.9385455,7:28:33,7:32:49,
W19,190312,TR,MbN,3,3,194.5742877,778.2971508,7:32:50,7:37:53,
W19,190312,TR,MbN,3,4,281.8036907,1127.214762,7:37:54,7:44:47,
W19,190312,TR,MbN,2,0,374.7761297,1499.104519,9:06:03,9:15:40,
W19,190312,TR,MbN,2,1,201.1758825,804.7035305,9:15:41,9:20:59,
W19,190312,TR,MbN,2,2,226.3385877,905.3543509,9:21:00,9:26:48,
W19,190312,TR,MbN,2,3,189.8834008,759.5336029,9:26:49,9:31:29,
W19,190312,TR,MbN,2,4,191.137296,764.5491836,9:31:30,9:35:46,
W19,190312,TR,MbN,1,0,296.2981608,1185.192643,10:58:42,11:05:37,
W19,190312,TR,MbN,1,3,256.6022971,1026.409189,11:05:38,11:11:40,
W19,190312,TR,MbN,1,4,256.5090495,1026.036198,11:11:41,11:17:41,
S19,190717,TR,MaD,1,0,814.5366885,3258.146754,16:43:35,16:59:42,
S19,190717,TR,MaD,1,3,498.5205427,1994.08217,16:59:43,17:09:07,
S19,190717,TR,MaD,1,4,401.8802043,1607.520818,17:09:08,17:17:38,
S19,190717,TR,MaD,2,0,311.8328257,1247.331302,19:22:25,19:31:41,
S19,190717,TR,MaD,2,2,446.1269813,1784.507925,19:31:42,19:40:38,
S19,190717,TR,MaD,2,3,150.5645509,602.2582038,19:40:39,19:44:12,
S19,190717,TR,MaD,2,4,453.7142128,1814.856852,19:44:13,19:56:09,
S19,190717,TR,MaD,3,0,360.3892155,1441.556861,22:45:17,22:55:00,
S19,190717,TR,MaD,3,1,240.5306859,962.1227436,22:55:01,22:59:51,
S19,190717,TR,MaD,3,2,275.5261189,1102.104475,22:59:52,23:05:20,
S19,190717,TR,MaD,3,3,263.0396157,1052.158463,23:05:21,23:10:29,
S19,190717,TR,MaD,3,4,257.2270197,1028.908079,23:10:30,23:15:33,
S19,190718,TR,MaD,4,0,174.1053004,696.4212015,1:07:49,1:13:42,
S19,190718,TR,MaD,4,1,288.0749413,1152.299766,1:13:43,1:18:42,
S19,190718,TR,MaD,4,2,92.26274738,369.0509895,1:18:43,1:20:23,
S19,190718,TR,MaD,4,3,159.6878831,638.7515324,1:20:24,1:23:25,
S19,190718,TR,MaD,4,4,219.9308765,879.723506,1:23:26,1:27:20,
S19,190718,TR,MaD,5,0,254.9743798,1019.897519,2:27:18,2:34:04,
S19,190718,TR,MaD,5,1,320.041262,1280.165048,2:34:05,2:39:57,
S19,190718,TR,MaD,5,2,112.9394423,451.7577695,2:39:58,2:42:01,
S19,190718,TR,MaD,5,3,101.4774371,405.9097486,2:42:02,2:44:10,
S19,190718,TR,MaD,5,4,239.5241987,958.0967944,2:44:11,2:49:25,
S19,190718,TR,MaN,5,0,295.5819902,1182.327961,5:49:38,5:56:57,
S19,190718,TR,MaN,5,1,228.8469919,915.3879671,5:56:58,6:01:30,
S19,190718,TR,MaN,5,2,191.8964595,767.5858379,6:01:31,6:05:11,
S19,190718,TR,MaN,5,3,167.8663208,671.4652832,6:05:12,6:08:36,
S19,190718,TR,MaN,5,4,220.6125231,882.4500921,6:08:37,6:13:21,
S19,190718,TR,MaN,3,0,232.9146405,931.658562,8:31:02,8:37:49,
S19,190718,TR,MaN,3,1,148.3600297,593.4401186,8:37:50,8:40:47,
S19,190718,TR,MaN,3,2,101.8766836,407.5067342,8:40:48,8:43:00,
S19,190718,TR,MaN,3,3,231.8480282,927.3921125,8:43:01,8:48:00,
S19,190718,TR,MaN,3,4,188.4651124,753.8604494,8:48:41,8:52:43,
S19,190718,TR,MaN,1,0,234.6470424,938.5881695,10:25:29,10:30:45,
S19,190718,TR,MaN,1,3,181.06378,724.2551198,10:30:46,10:34:37,
S19,190718,TR,MaN,1,4,170.2910459,681.1641833,10:34:38,10:38:11,
S19,190719,TR,MbD,1,0,283.7863794,1135.145518,15:05:34,15:11:27,
S19,190719,TR,MbD,1,3,250.2425106,1000.970042,15:11:28,15:16:30,
S19,190719,TR,MbD,1,4,181.4518887,725.8075545,15:16:31,15:20:59,
S19,190719,TR,MbD,2,0,298.3899891,1193.559956,16:36:37,16:43:11,
S19,190719,TR,MbD,2,1,272.8909128,1091.563651,16:43:12,16:47:41,
S19,190719,TR,MbD,2,2,129.2352234,516.9408935,16:47:42,16:50:09,
S19,190719,TR,MbD,2,3,381.6374433,1526.549774,16:50:10,16:57:45,
S19,190719,TR,MbD,2,4,229.4562929,917.8251713,16:57:46,17:02:33,
S19,190719,TR,MbD,3,0,304.0367936,1216.147174,19:37:04,19:45:02,
S19,190719,TR,MbD,3,1,288.5022256,1154.008902,19:45:03,19:50:18,
S19,190719,TR,MbD,3,2,261.8366675,1047.34667,19:50:19,19:56:07,
S19,190719,TR,MbD,3,3,248.8264849,995.3059396,19:56:08,20:01:30,
S19,190719,TR,MbD,3,4,232.3288223,929.3152887,20:01:31,20:06:52,
S19,190719,TR,MbD,4,0,405.1023073,1620.40923,21:39:00,21:48:53,
S19,190719,TR,MbD,4,1,345.702116,1382.808464,21:48:54,21:57:13,
S19,190719,TR,MbD,4,2,238.9820575,955.92823,21:57:14,22:02:38,
S19,190719,TR,MbD,4,3,167.6961055,670.7844219,22:02:39,22:06:21,
S19,190719,TR,MbD,4,4,184.5607542,738.2430166,22:06:22,22:10:31,
S19,190720,TR,MbD,5,0,326.2799545,1305.119817,23:21:43,23:29:44,
S19,190720,TR,MbD,5,1,256.3130424,1025.25217,23:29:45,23:34:34,
S19,190720,TR,MbD,5,2,115.8085269,463.2341079,23:34:35,23:36:52,
S19,190720,TR,MbD,5,3,267.2218973,1068.887589,23:36:53,23:41:59,
S19,190720,TR,MbD,5,4,183.4689806,733.8759227,23:42:00,23:45:48,
S19,190721,TR,MbN,5,0,265.103055,1060.412219,5:30:35,5:37:25,
S19,190721,TR,MbN,5,1,190.8503289,763.4013153,5:37:26,5:40:59,
S19,190721,TR,MbN,5,2,204.5842746,818.3370985,5:41:00,5:44:50,
S19,190721,TR,MbN,5,3,188.0040629,752.0162517,5:44:51,5:48:19,
S19,190721,TR,MbN,5,4,163.6674998,654.669999,5:48:20,5:51:53,
S19,190721,TR,MbN,3,0,243.3760381,973.5041528,7:56:56,8:03:37,
S19,190721,TR,MbN,3,1,167.366288,669.4651523,8:03:38,8:06:43,
S19,190721,TR,MbN,3,2,181.069561,724.278244,8:06:44,8:10:15,
S19,190721,TR,MbN,3,3,186.5592706,746.2370822,8:10:16,8:13:48,
S19,190721,TR,MbN,3,4,191.3012606,765.205042,8:13:49,8:18:03,
S19,190721,TR,MbN,1,0,249.2772611,997.1090442,10:41:52,10:48:44,
S19,190721,TR,MbN,1,3,259.4772293,1037.908917,10:48:45,10:55:36,
S19,190721,TR,MbN,1,4,183.3159537,733.2638147,10:55:37,11:00:19,
S19,190722,NH,MaN,1,0,204.1044291,816.4177167,6:09:38,6:14:51,
S19,190722,NH,MaN,1,3,220.6003471,882.4013887,6:14:52,6:19:34,
S19,190722,NH,MaN,1,4,217.96033,871.8413198,6:19:35,6:24:44,
S19,190722,NH,MaN,3,0,265.9152566,1063.661026,8:22:25,8:29:16,
S19,190722,NH,MaN,3,1,166.9489928,667.795971,8:29:17,8:32:35,
S19,190722,NH,MaN,3,2,236.7562211,947.0248841,8:32:36,8:37:13,
S19,190722,NH,MaN,3,3,172.8528922,691.4115686,8:37:14,8:40:30,
S19,190722,NH,MaN,3,4,201.9724996,807.8899984,8:40:31,8:44:34,
S19,190722,NH,MaN,5,0,320.1322688,1280.529075,11:04:56,11:12:51,
S19,190722,NH,MaN,5,1,202.532277,810.1291084,11:12:41,11:16:53,
S19,190722,NH,MaN,5,2,215.2035467,860.814187,11:16:54,11:21:29,
S19,190722,NH,MaN,5,3,368.6568997,1474.627599,11:21:30,11:29:06,
S19,190722,NH,MaN,5,4,283.6306842,1134.522736,11:29:07,11:34:13,
S19,190722,NH,MaD,5,0,400.9951117,1603.980446,15:51:19,16:01:26,
S19,190722,NH,MaD,5,1,216.8606038,867.4424148,16:01:27,16:07:28,
S19,190722,NH,MaD,5,2,178.8478187,715.3912745,16:07:29,16:12:14,
S19,190722,NH,MaD,5,3,129.5969011,518.3876043,16:12:15,16:15:49,
S19,190722,NH,MaD,5,4,300.2720247,1201.088099,16:15:50,16:23:58,
S19,190722,NH,MaD,4,0,356.3464571,1425.385828,18:09:26,18:18:58,
S19,190722,NH,MaD,4,1,299.843886,1199.375544,18:18:59,18:25:43,
S19,190722,NH,MaD,4,2,156.6221213,626.4884856,18:25:44,18:29:10,
S19,190722,NH,MaD,4,3,150.49301,601.9720397,18:29:11,18:32:50,
S19,190722,NH,MaD,4,4,220.7478664,882.9914652,18:32:51,18:38:28,
S19,190722,NH,MaD,3,0,316.8640843,1267.456336,21:12:22,21:20:14,
S19,190722,NH,MaD,3,1,181.6873468,726.7493874,21:20:15,21:23:45,
S19,190722,NH,MaD,3,2,162.0323569,648.1294278,21:23:46,21:27:15,
S19,190722,NH,MaD,3,3,235.571216,942.2848642,21:27:16,21:32:37,
S19,190722,NH,MaD,3,4,309.8614766,1239.445906,21:32:38,21:40:09,
S19,190722,NH,MaD,2,0,218.3811696,873.5246783,23:14:03,23:19:48,
S19,190722,NH,MaD,2,2,266.7429336,1066.971734,23:19:49,23:24:43,
S19,190722,NH,MaD,2,3,194.091315,776.3652601,23:24:44,23:28:22,
S19,190722,NH,MaD,2,4,214.3265757,857.3063031,23:28:23,23:33:01,
S19,190723,NH,MaD,1,0,157.5612238,630.2448955,1:42:31,1:46:50,
S19,190723,NH,MaD,1,3,217.7019334,870.8077334,1:46:51,1:51:26,
S19,190723,NH,MaD,1,4,163.3176154,653.270462,1:51:27,1:55:17,
S19,190723,NH,deep,NA,0,2675.219183,10700.87673,12:29:38,13:38:46,
S19,190723,NH,deep,NA,1,1811.709641,7246.838564,13:38:47,14:13:42,
S19,190723,NH,deep,NA,2,1299.180803,5196.723209,14:13:43,14:37:17,
S19,190723,NH,deep,NA,3,1095.375966,4381.503862,14:37:18,15:01:49,
S19,190723,NH,deep,NA,4,1804.468788,7217.875152,15:01:50,15:44:50,
S19,190724,NH,MbN,1,0,145.2197687,580.8790746,6:06:36,6:10:38,
S19,190724,NH,MbN,1,3,217.598815,870.3952601,6:10:39,6:15:09,
S19,190724,NH,MbN,1,4,205.027848,820.111392,6:15:10,6:20:26,
S19,190724,NH,MbN,3,0,340.3215123,1361.286049,8:17:36,8:26:18,
S19,190724,NH,MbN,3,1,297.7100402,1190.840161,8:26:19,8:33:39,
S19,190724,NH,MbN,3,2,152.2547254,609.0189017,8:33:40,8:37:06,
S19,190724,NH,MbN,3,3,146.7477943,586.9911773,8:37:07,8:40:42,
S19,190724,NH,MbN,3,4,284.4638807,1137.855523,8:40:43,8:47:22,
S19,190724,NH,MbN,5,0,399.7026197,1598.810479,11:17:59,11:29:34,
S19,190724,NH,MbN,5,1,265.8743293,1063.497317,11:29:35,11:36:57,
S19,190724,NH,MbN,5,2,236.3469826,945.3879302,11:36:58,11:43:17,
S19,190724,NH,MbN,5,3,303.2835729,1213.134292,11:43:18,11:51:00,
S19,190724,NH,MbN,5,4,267.6107414,1070.442965,11:51:01,11:56:12,
S19,190724,NH,MbD,5,0,338.4236838,1353.694735,15:18:56,15:27:51,
S19,190724,NH,MbD,5,1,252.1713701,1008.68548,15:27:52,15:33:48,
S19,190724,NH,MbD,5,2,189.6218533,758.4874136,15:33:49,15:38:26,
S19,190724,NH,MbD,5,3,219.2376142,876.9504564,15:38:27,15:44:22,
S19,190724,NH,MbD,5,4,320.1593399,1280.63736,15:44:23,15:51:35,
S19,190724,NH,MbD,4,0,270.5951573,1082.380629,17:18:10,17:25:50,
S19,190724,NH,MbD,4,1,274.7090222,1098.836089,17:25:51,17:31:17,
S19,190724,NH,MbD,4,2,148.2882503,593.1530014,17:31:18,17:34:16,
S19,190724,NH,MbD,4,3,244.0402069,976.1608277,17:34:17,17:39:48,
S19,190724,NH,MbD,4,4,286.5221752,1146.0887,17:39:49,17:46:42,
S19,190724,NH,MbD,3,0,363.916166,1455.664664,20:07:04,20:15:54,
S19,190724,NH,MbD,3,1,197.8874188,791.549675,20:15:55,20:20:33,
S19,190724,NH,MbD,3,2,195.6694225,782.6776902,20:20:34,20:25:19,
S19,190724,NH,MbD,3,3,260.1142956,1040.457182,20:25:20,20:31:59,
S19,190724,NH,MbD,3,4,212.4427484,849.7709933,20:32:00,20:37:11,
S19,190724,NH,MbD,2,0,189.7266466,758.9065861,22:40:05,22:45:27,
S19,190724,NH,MbD,2,2,164.029393,656.1175719,22:45:28,22:48:38,
S19,190724,NH,MbD,2,3,131.2891468,525.1565871,22:48:39,22:51:24,
S19,190724,NH,MbD,2,4,256.1537421,1024.614969,22:51:25,22:57:24,
S19,190725,NH,MbD,1,0,209.7807487,839.1229954,1:17:09,1:22:47,
S19,190725,NH,MbD,1,3,184.063443,736.2537718,1:22:48,1:26:51,
S19,190725,NH,MbD,1,4,190.4232947,761.6931783,1:26:52,1:31:38,